日付,時刻,フォロワー数
2026/03/07,22:32:48,412
2026/03/08,12:35:39,413
2026/03/09,12:39:35,415
2026/03/10,12:31:34,419
2026/03/11,12:31:25,420
2026/03/12,12:37:27,418
2026/03/14,12:32:06,419
2026/03/14,23:34:41,422
2026/03/16,13:00:01,428
2026/03/17,12:39:46,429
2026/03/18,12:46:05,433
2026/03/19,12:45:51,435
2026/03/20,12:35:58,434
2026/03/21,12:27:26,440
2026/03/22,04:46:41,441
2026/03/23,06:17:42,443
2026/03/24,06:26:47,444
2026/03/26,06:30:20,446
2026/03/27,06:23:07,452
2026/03/28,06:25:56,454
2026/03/29,06:20:53,453
2026/03/30,06:22:25,455
2026/04/01,06:28:53,453
2026/04/02,06:34:01,454
2026/04/03,06:27:17,453
2026/04/04,06:24:22,455
